block,plot,precipitation,species,replicate,func_group,life_history,first_flower_mean,early_late,forb_grass,gdd,first_flower,last_flower,first_fruit,last_fruit,peak_flower,peak_fruit,duration_flower,duration_fruit
1,2,-20,AP,3,C3,perennial,252,late,forb,3209,266,273,276,322,267,290,8,47
1,2,-20,AP,4,C3,perennial,252,late,forb,3209,238,284,266,266,253,290,47,1
1,3,-40,AP,2,C3,perennial,238,late,forb,3342.35,238,269,266,322,254,276,32,57
1,4,-60,AP,2,C3,perennial,236,late,forb,2838.3,234,269,262,322,253,285,36,61
1,4,-60,AP,4,C3,perennial,236,late,forb,2838.3,238,269,266,301,257,275,32,36
1,4,-60,AP,5,C3,perennial,236,late,forb,2838.3,238,290,269,280,242,274,53,12
1,5,0,AP,3,C3,perennial,238,late,forb,2620.1,238,266,273,322,250,288,29,50
1,6,-100,AP,1,C3,perennial,267,late,forb,1054.2,259,262,273,276,274,273,4,4
1,6,-100,AP,2,C3,perennial,267,late,forb,1054.2,276,276,273,290,295,275,1,18
2,8,-40,AP,1,C3,perennial,256,late,forb,3030.15,246,269,269,322,255,287,24,54
2,8,-40,AP,5,C3,perennial,256,late,forb,3030.15,266,269,269,322,265,287,4,54
2,10,-20,AP,4,C3,perennial,259,late,forb,3718.3,249,269,273,322,257,287,21,50
2,10,-20,AP,5,C3,perennial,259,late,forb,3718.3,269,276,287,322,273,301,8,36
2,11,50,AP,4,C3,perennial,242,late,forb,1505.85,238,287,276,290,257,287,50,15
2,11,50,AP,5,C3,perennial,242,late,forb,1505.85,246,255,266,308,249,275,10,43
2,12,-60,AP,1,C3,perennial,238,late,forb,2863.95,238,266,266,322,252,283,29,57
2,12,-60,AP,5,C3,perennial,238,late,forb,2863.95,238,290,266,308,259,275,53,43
3,15,-80,AP,2,C3,perennial,276,late,forb,3314.45,276,276,266,322,295,277,1,57
3,17,0,AP,2,C3,perennial,249,late,forb,2502.65,249,290,269,322,267,278,42,54
3,18,-20,AP,1,C3,perennial,245,late,forb,3443.4,238,287,266,322,258,272,50,57
3,18,-20,AP,2,C3,perennial,245,late,forb,3443.4,252,269,273,322,257,281,18,50
3,18,-20,AP,5,C3,perennial,245,late,forb,3443.4,246,266,266,322,255,278,21,57
3,20,50,AP,2,C3,perennial,256,late,forb,3062.15,266,269,273,290,265,276,4,18
3,20,50,AP,4,C3,perennial,256,late,forb,3062.15,246,266,262,262,255,283,21,1
3,21,-40,AP,5,C3,perennial,238,late,forb,3317.05,238,269,273,290,262,278,32,18
1,1,50,BI,1,C4,perennial,263,late,grass,3239.7,266,314,284,314,284,305,49,31
1,1,50,BI,2,C4,perennial,263,late,grass,3239.7,259,308,284,314,286,302,50,31
1,1,50,BI,3,C4,perennial,263,late,grass,3239.7,273,314,266,314,287,297,42,49
1,1,50,BI,4,C4,perennial,263,late,grass,3239.7,266,314,273,314,282,303,49,42
1,1,50,BI,5,C4,perennial,263,late,grass,3239.7,255,314,255,314,279,308,60,60
1,2,-20,BI,1,C4,perennial,273,late,grass,2804.7,273,322,290,322,284,299,50,33
1,2,-20,BI,2,C4,perennial,273,late,grass,2804.7,269,308,280,322,282,309,40,43
1,2,-20,BI,3,C4,perennial,273,late,grass,2804.7,273,314,287,314,289,310,42,28
1,2,-20,BI,4,C4,perennial,273,late,grass,2804.7,280,314,308,314,284,314,35,7
1,3,-40,BI,1,C4,perennial,259,late,grass,3670.65,259,314,273,314,281,295,56,42
1,3,-40,BI,2,C4,perennial,259,late,grass,3670.65,262,314,284,314,285,297,53,31
1,3,-40,BI,3,C4,perennial,259,late,grass,3670.65,259,314,269,314,284,284,56,46
1,3,-40,BI,4,C4,perennial,259,late,grass,3670.65,259,314,273,314,282,302,56,42
1,4,-60,BI,1,C4,perennial,259,late,grass,3320.45,259,314,266,314,295,278,56,49
1,6,-100,BI,1,C4,perennial,269,late,grass,1054.2,231,301,301,301,288,304,71,1
1,6,-100,BI,2,C4,perennial,269,late,grass,1054.2,308,308,308,308,306,306,1,1
2,8,-40,BI,1,C4,perennial,266,late,grass,3358.55,266,322,276,322,285,298,57,47
2,10,-20,BI,1,C4,perennial,200,late,grass,3318.95,206,314,234,314,282,285,109,81
2,10,-20,BI,2,C4,perennial,200,late,grass,3318.95,210,314,234,314,285,296,105,81
2,10,-20,BI,3,C4,perennial,200,late,grass,3318.95,196,314,234,314,274,285,119,81
2,10,-20,BI,4,C4,perennial,200,late,grass,3318.95,192,314,189,314,284,288,123,126
2,10,-20,BI,5,C4,perennial,200,late,grass,3318.95,196,314,234,314,282,287,119,81
1,4,-60,CF,1,C3,annual,203,early,forb,2249.25,203,234,206,231,215,217,32,26
1,5,0,CF,1,C3,annual,196,early,forb,1660.8,196,206,199,290,201,244,11,92
1,5,0,CF,2,C3,annual,196,early,forb,1660.8,192,213,199,290,199,246,22,92
1,5,0,CF,3,C3,annual,196,early,forb,1660.8,196,210,203,290,199,235,15,88
1,5,0,CF,4,C3,annual,196,early,forb,1660.8,203,269,206,308,206,243,67,103
1,5,0,CF,5,C3,annual,196,early,forb,1660.8,196,213,196,231,203,204,18,36
1,6,-100,CF,1,C3,annual,197,early,forb,1054.2,196,249,210,301,212,249,54,92
1,6,-100,CF,2,C3,annual,197,early,forb,1054.2,213,220,231,255,217,244,8,25
1,6,-100,CF,3,C3,annual,197,early,forb,1054.2,192,206,199,220,198,204,15,22
1,6,-100,CF,4,C3,annual,197,early,forb,1054.2,189,203,196,262,195,259,15,67
1,6,-100,CF,5,C3,annual,197,early,forb,1054.2,196,206,203,234,201,213,11,32
1,7,-80,CF,2,C3,annual,195,early,forb,1555.25,199,210,203,290,203,241,12,88
1,7,-80,CF,3,C3,annual,195,early,forb,1555.25,189,203,196,280,196,239,15,85
1,7,-80,CF,4,C3,annual,195,early,forb,1555.25,199,199,199,199,195,195,1,1
2,8,-40,CF,3,C3,annual,199,early,forb,1845.15,199,203,203,210,201,204,5,8
2,9,-80,CF,2,C3,annual,199,early,forb,1776.6,199,273,199,213,257,206,75,15
2,10,-20,CF,1,C3,annual,201,early,forb,2585.55,196,249,199,273,241,246,54,75
2,10,-20,CF,2,C3,annual,201,early,forb,2585.55,210,220,213,255,212,241,11,43
2,10,-20,CF,4,C3,annual,201,early,forb,2585.55,199,255,206,290,211,251,57,85
2,11,50,CF,1,C3,annual,201,early,forb,691.2,196,269,206,280,220,231,74,75
2,11,50,CF,2,C3,annual,201,early,forb,691.2,206,217,213,238,208,231,12,26
2,12,-60,CF,2,C3,annual,201,early,forb,2317,203,206,210,217,203,210,4,8
2,12,-60,CF,5,C3,annual,201,early,forb,2317,199,220,203,269,211,238,22,67
3,17,0,CF,1,C3,annual,206,early,forb,2182.55,206,217,206,276,213,243,12,71
3,18,-20,CF,2,C3,annual,206,early,forb,2246.65,206,280,210,301,243,266,75,92
3,19,-60,CF,3,C3,annual,252,early,forb,2025.3,252,287,262,301,284,290,36,40
3,20,50,CF,1,C3,annual,217,early,forb,2138.95,196,206,199,280,196,219,11,82
3,20,50,CF,2,C3,annual,217,early,forb,2138.95,238,259,217,322,248,271,22,106
3,21,-40,CF,3,C3,annual,203,early,forb,2180.25,203,206,210,210,203,213,4,1
1,1,50,CM,1,C3,annual,184,early,forb,1718.95,184,259,192,287,246,250,76,96
1,2,-20,CM,1,C3,annual,181,early,forb,1673.8,192,269,196,322,251,265,78,127
1,2,-20,CM,2,C3,annual,181,early,forb,1673.8,189,280,241,314,261,273,92,74
1,2,-20,CM,3,C3,annual,181,early,forb,1673.8,175,280,189,322,249,276,106,134
1,2,-20,CM,4,C3,annual,181,early,forb,1673.8,178,276,192,322,249,267,99,131
1,2,-20,CM,5,C3,annual,181,early,forb,1673.8,175,287,189,322,250,265,113,134
1,3,-40,CM,1,C3,annual,196,early,forb,1817.85,175,287,192,322,243,273,113,131
1,3,-40,CM,2,C3,annual,196,early,forb,1817.85,182,269,192,322,217,266,88,131
1,3,-40,CM,3,C3,annual,196,early,forb,1817.85,189,259,192,259,245,250,71,68
1,3,-40,CM,4,C3,annual,196,early,forb,1817.85,184,273,189,322,262,274,90,134
1,3,-40,CM,5,C3,annual,196,early,forb,1817.85,252,269,249,290,259,274,18,42
1,4,-60,CM,1,C3,annual,183,early,forb,1574.25,182,301,192,322,246,260,120,131
1,4,-60,CM,2,C3,annual,183,early,forb,1574.25,182,269,199,322,240,265,88,124
1,4,-60,CM,3,C3,annual,183,early,forb,1574.25,196,269,196,322,243,260,74,127
1,4,-60,CM,4,C3,annual,183,early,forb,1574.25,182,269,203,322,234,260,88,120
1,4,-60,CM,5,C3,annual,183,early,forb,1574.25,175,269,189,322,228,258,95,134
1,5,0,CM,1,C3,annual,186,early,forb,1522.4,189,269,206,322,213,266,81,117
1,5,0,CM,2,C3,annual,186,early,forb,1522.4,184,269,178,322,247,268,86,145
1,5,0,CM,3,C3,annual,186,early,forb,1522.4,189,269,196,322,223,269,81,127
1,5,0,CM,4,C3,annual,186,early,forb,1522.4,189,269,206,322,227,262,81,117
1,5,0,CM,5,C3,annual,186,early,forb,1522.4,182,266,217,290,229,263,85,74
1,6,-100,CM,1,C3,annual,183,early,forb,1054.2,178,234,196,322,211,253,57,127
1,6,-100,CM,4,C3,annual,183,early,forb,1054.2,182,217,192,290,203,244,36,99
1,6,-100,CM,5,C3,annual,183,early,forb,1054.2,189,220,199,290,206,243,32,92
1,7,-80,CM,1,C3,annual,200,early,forb,1413.75,175,269,189,308,205,258,95,120
1,7,-80,CM,2,C3,annual,200,early,forb,1413.75,189,269,203,308,224,264,81,106
1,7,-80,CM,3,C3,annual,200,early,forb,1413.75,210,287,217,308,257,270,78,92
1,7,-80,CM,4,C3,annual,200,early,forb,1413.75,182,269,192,308,243,259,88,117
1,7,-80,CM,5,C3,annual,200,early,forb,1413.75,246,269,246,308,262,269,24,63
2,8,-40,CM,2,C3,annual,186,early,forb,1481.65,203,287,246,322,258,274,85,77
2,8,-40,CM,4,C3,annual,186,early,forb,1481.65,182,273,192,322,247,266,92,131
2,8,-40,CM,5,C3,annual,186,early,forb,1481.65,175,273,246,290,257,268,99,45
2,9,-80,CM,1,C3,annual,186,early,forb,1733.65,182,269,196,322,209,266,88,127
2,9,-80,CM,2,C3,annual,186,early,forb,1733.65,184,269,199,322,236,262,86,124
2,9,-80,CM,4,C3,annual,186,early,forb,1733.65,189,269,192,301,213,251,81,110
2,9,-80,CM,5,C3,annual,186,early,forb,1733.65,192,269,206,322,243,259,78,117
2,10,-20,CM,1,C3,annual,194,early,forb,2227.1,189,269,199,322,248,264,81,124
2,10,-20,CM,2,C3,annual,194,early,forb,2227.1,199,269,203,322,220,269,71,120
3,15,-80,CM,1,C3,annual,178,early,forb,1350.6,182,259,203,259,203,238,78,57
3,15,-80,CM,2,C3,annual,178,early,forb,1350.6,175,287,220,322,256,276,113,103
3,15,-80,CM,3,C3,annual,178,early,forb,1350.6,182,269,192,322,241,268,88,131
3,15,-80,CM,4,C3,annual,178,early,forb,1350.6,178,287,192,322,257,272,110,131
3,15,-80,CM,5,C3,annual,178,early,forb,1350.6,175,269,192,322,232,271,95,131
3,16,-100,CM,1,C3,annual,184,early,forb,1627.45,192,213,206,269,203,236,22,64
3,16,-100,CM,2,C3,annual,184,early,forb,1627.45,175,220,192,269,184,204,46,78
3,16,-100,CM,3,C3,annual,184,early,forb,1627.45,189,234,203,249,202,220,46,47
3,16,-100,CM,4,C3,annual,184,early,forb,1627.45,189,246,192,290,199,234,58,99
3,16,-100,CM,5,C3,annual,184,early,forb,1627.45,175,246,192,322,197,257,72,131
3,17,0,CM,1,C3,annual,195,early,forb,1993.3,182,273,217,322,254,269,92,106
3,17,0,CM,2,C3,annual,195,early,forb,1993.3,182,273,210,290,254,267,92,81
3,17,0,CM,3,C3,annual,195,early,forb,1993.3,241,269,231,290,246,267,29,60
3,17,0,CM,4,C3,annual,195,early,forb,1993.3,182,273,192,322,242,259,92,131
3,17,0,CM,5,C3,annual,195,early,forb,1993.3,189,273,206,314,244,262,85,109
3,18,-20,CM,1,C3,annual,192,early,forb,1884.85,249,290,266,322,266,285,42,57
3,18,-20,CM,2,C3,annual,192,early,forb,1884.85,175,287,192,322,244,267,113,131
3,18,-20,CM,3,C3,annual,192,early,forb,1884.85,182,290,192,322,260,275,109,131
3,18,-20,CM,4,C3,annual,192,early,forb,1884.85,175,290,184,322,253,268,116,139
3,18,-20,CM,5,C3,annual,192,early,forb,1884.85,182,273,178,322,249,269,92,145
3,19,-60,CM,1,C3,annual,189,early,forb,1453.1,182,314,199,314,257,269,133,116
3,19,-60,CM,2,C3,annual,189,early,forb,1453.1,203,273,217,322,248,274,71,106
3,19,-60,CM,3,C3,annual,189,early,forb,1453.1,192,287,217,322,255,273,96,106
3,19,-60,CM,4,C3,annual,189,early,forb,1453.1,189,217,203,234,206,216,29,32
3,19,-60,CM,5,C3,annual,189,early,forb,1453.1,182,276,182,314,254,267,95,133
3,20,50,CM,1,C3,annual,195,early,forb,1806.1,203,273,182,308,252,267,71,127
3,20,50,CM,2,C3,annual,195,early,forb,1806.1,178,287,196,308,250,267,110,113
3,20,50,CM,3,C3,annual,195,early,forb,1806.1,175,287,196,308,247,265,113,113
3,20,50,CM,4,C3,annual,195,early,forb,1806.1,206,269,220,322,245,269,64,103
3,20,50,CM,5,C3,annual,195,early,forb,1806.1,217,262,241,290,246,264,46,50
3,21,-40,CM,1,C3,annual,175,early,forb,1808.55,175,287,192,322,238,271,113,131
3,21,-40,CM,2,C3,annual,175,early,forb,1808.55,175,276,196,322,231,272,102,127
3,21,-40,CM,3,C3,annual,175,early,forb,1808.55,175,290,196,322,256,274,116,127
3,21,-40,CM,4,C3,annual,175,early,forb,1808.55,175,287,192,322,245,268,113,131
3,21,-40,CM,5,C3,annual,175,early,forb,1808.55,175,287,192,322,249,271,113,131
1,1,50,CS,1,C3,perennial,139,early,forb,766.95,143,143,147,168,152,161,1,22
1,1,50,CS,3,C3,perennial,139,early,forb,766.95,136,154,154,171,150,159,19,18
1,2,-20,CS,1,C3,perennial,143,early,forb,1045.55,150,171,147,168,168,156,22,22
1,2,-20,CS,2,C3,perennial,143,early,forb,1045.55,136,136,147,150,227,147,1,4
1,3,-40,CS,1,C3,perennial,143,early,forb,999,150,150,150,182,232,162,1,33
1,3,-40,CS,2,C3,perennial,143,early,forb,999,150,150,154,178,232,167,1,25
1,3,-40,CS,3,C3,perennial,143,early,forb,999,136,171,147,182,147,160,36,36
1,3,-40,CS,4,C3,perennial,143,early,forb,999,136,154,147,199,148,163,19,53
1,3,-40,CS,5,C3,perennial,143,early,forb,999,143,154,147,196,147,162,12,50
1,6,-100,CS,1,C3,perennial,133,early,forb,617.85,133,168,147,231,147,172,36,85
1,6,-100,CS,2,C3,perennial,133,early,forb,617.85,133,175,143,322,148,182,43,180
1,6,-100,CS,3,C3,perennial,133,early,forb,617.85,133,203,147,322,147,188,71,176
1,6,-100,CS,4,C3,perennial,133,early,forb,617.85,133,217,147,259,189,180,85,113
1,6,-100,CS,5,C3,perennial,133,early,forb,617.85,136,175,143,217,147,168,40,75
2,8,-40,CS,2,C3,perennial,149,early,forb,1033.1,158,168,147,322,164,196,11,176
2,8,-40,CS,3,C3,perennial,149,early,forb,1033.1,147,154,143,171,150,158,8,29
2,8,-40,CS,4,C3,perennial,149,early,forb,1033.1,143,154,143,210,147,169,12,68
2,10,-20,CS,1,C3,perennial,143,early,forb,1444.6,143,154,147,178,146,162,12,32
2,11,50,CS,1,C3,perennial,143,early,forb,136.05,136,161,143,246,147,164,26,104
2,11,50,CS,2,C3,perennial,143,early,forb,136.05,136,175,143,196,143,158,40,54
2,11,50,CS,4,C3,perennial,143,early,forb,136.05,147,171,143,178,166,154,25,36
2,11,50,CS,5,C3,perennial,143,early,forb,136.05,154,175,158,269,171,188,22,112
2,12,-60,CS,2,C3,perennial,147,early,forb,912.85,147,158,147,192,150,166,12,46
2,13,0,CS,5,C3,perennial,150,early,forb,935.7,150,150,143,184,232,159,1,42
2,14,-100,CS,1,C3,perennial,143,early,forb,851.85,143,259,147,322,199,218,117,176
2,14,-100,CS,2,C3,perennial,143,early,forb,851.85,143,150,143,192,145,161,8,50
3,16,-100,CS,1,C3,perennial,147,early,forb,796.4,147,175,147,252,155,171,29,106
3,17,0,CS,1,C3,perennial,133,early,forb,908.9,133,217,143,322,161,176,85,180
3,18,-20,CS,1,C3,perennial,154,early,forb,1126.85,150,150,143,164,232,151,1,22
3,18,-20,CS,2,C3,perennial,154,early,forb,1126.85,147,273,143,322,150,178,127,180
3,18,-20,CS,3,C3,perennial,154,early,forb,1126.85,171,182,143,203,178,166,12,61
3,18,-20,CS,5,C3,perennial,154,early,forb,1126.85,150,150,147,158,232,152,1,12
3,19,-60,CS,1,C3,perennial,140,early,forb,679.45,143,143,147,192,227,161,1,46
3,19,-60,CS,2,C3,perennial,140,early,forb,679.45,136,168,147,196,145,161,33,50
3,19,-60,CS,3,C3,perennial,140,early,forb,679.45,143,150,147,154,145,148,8,8
3,20,50,CS,2,C3,perennial,139,early,forb,798.7,136,158,143,196,152,169,23,54
3,20,50,CS,3,C3,perennial,139,early,forb,798.7,143,158,147,184,150,160,16,38
3,21,-40,CS,1,C3,perennial,146,early,forb,998.15,147,158,147,178,154,161,12,32
3,21,-40,CS,3,C3,perennial,146,early,forb,998.15,143,171,143,196,150,162,29,54
3,21,-40,CS,4,C3,perennial,146,early,forb,998.15,150,150,150,175,232,159,1,26
1,2,-20,DO,1,C3,perennial,158,early,grass,892.25,158,158,154,161,157,156,1,8
1,3,-40,DO,1,C3,perennial,133,early,grass,812.55,136,161,154,158,145,154,26,5
1,3,-40,DO,2,C3,perennial,133,early,grass,812.55,133,158,143,168,136,158,26,26
1,3,-40,DO,3,C3,perennial,133,early,grass,812.55,133,158,143,168,141,154,26,26
1,3,-40,DO,5,C3,perennial,133,early,grass,812.55,133,150,143,168,141,159,18,26
1,4,-60,DO,1,C3,perennial,133,early,grass,654.95,133,143,147,147,134,229,11,1
1,4,-60,DO,2,C3,perennial,133,early,grass,654.95,133,161,143,147,143,143,29,5
1,4,-60,DO,3,C3,perennial,133,early,grass,654.95,133,150,143,164,136,150,18,22
1,4,-60,DO,4,C3,perennial,133,early,grass,654.95,133,161,143,217,147,193,29,75
1,4,-60,DO,5,C3,perennial,133,early,grass,654.95,133,164,143,189,148,175,32,47
1,5,0,DO,1,C3,perennial,135,early,grass,609.85,143,150,143,164,147,150,8,22
1,5,0,DO,2,C3,perennial,135,early,grass,609.85,133,168,143,175,150,162,36,33
1,5,0,DO,3,C3,perennial,135,early,grass,609.85,133,164,143,171,156,165,32,29
1,5,0,DO,4,C3,perennial,135,early,grass,609.85,133,171,158,196,143,182,39,39
1,5,0,DO,5,C3,perennial,135,early,grass,609.85,133,161,154,154,145,229,29,1
1,6,-100,DO,1,C3,perennial,133,early,grass,617.85,136,161,143,171,152,162,26,29
1,6,-100,DO,2,C3,perennial,133,early,grass,617.85,133,182,147,175,152,164,50,29
1,6,-100,DO,3,C3,perennial,133,early,grass,617.85,133,161,143,171,147,160,29,29
1,6,-100,DO,4,C3,perennial,133,early,grass,617.85,133,161,158,220,146,191,29,63
1,6,-100,DO,5,C3,perennial,133,early,grass,617.85,133,161,147,178,150,164,29,32
1,7,-80,DO,1,C3,perennial,136,early,grass,584.3,133,161,143,192,148,168,29,50
1,7,-80,DO,3,C3,perennial,136,early,grass,584.3,147,158,143,168,150,161,12,26
1,7,-80,DO,4,C3,perennial,136,early,grass,584.3,133,158,147,171,147,161,26,25
1,7,-80,DO,5,C3,perennial,136,early,grass,584.3,133,154,143,158,143,154,22,16
2,8,-40,DO,1,C3,perennial,138,early,grass,840.75,136,168,143,210,147,186,33,68
2,8,-40,DO,2,C3,perennial,138,early,grass,840.75,133,158,147,217,143,180,26,71
2,8,-40,DO,3,C3,perennial,138,early,grass,840.75,133,150,154,220,145,185,18,67
2,8,-40,DO,4,C3,perennial,138,early,grass,840.75,133,164,161,171,148,166,32,11
2,8,-40,DO,5,C3,perennial,138,early,grass,840.75,158,164,171,182,159,175,7,12
2,9,-80,DO,1,C3,perennial,140,early,grass,772.15,133,164,143,220,143,190,32,78
2,9,-80,DO,3,C3,perennial,140,early,grass,772.15,136,150,143,158,143,148,15,16
2,9,-80,DO,4,C3,perennial,140,early,grass,772.15,143,161,168,171,150,168,19,4
2,9,-80,DO,5,C3,perennial,140,early,grass,772.15,150,164,168,168,156,236,15,1
2,10,-20,DO,1,C3,perennial,142,early,grass,1285.75,143,217,150,217,164,190,75,68
2,10,-20,DO,2,C3,perennial,142,early,grass,1285.75,133,147,143,217,138,175,15,75
2,10,-20,DO,3,C3,perennial,142,early,grass,1285.75,143,164,147,168,154,158,22,22
2,10,-20,DO,4,C3,perennial,142,early,grass,1285.75,133,150,143,175,139,159,18,33
2,10,-20,DO,5,C3,perennial,142,early,grass,1285.75,158,164,161,182,161,173,7,22
2,11,50,DO,1,C3,perennial,138,early,grass,136.05,143,161,164,164,150,240,19,1
2,11,50,DO,4,C3,perennial,138,early,grass,136.05,133,164,154,161,150,199,32,8
2,12,-60,DO,1,C3,perennial,133,early,grass,811.65,133,150,143,184,140,175,18,42
2,13,0,DO,1,C3,perennial,139,early,grass,841.3,136,164,143,161,150,158,29,19
2,13,0,DO,2,C3,perennial,139,early,grass,841.3,133,158,143,171,147,159,26,29
2,13,0,DO,4,C3,perennial,139,early,grass,841.3,133,161,168,184,156,175,29,17
2,13,0,DO,5,C3,perennial,139,early,grass,841.3,154,164,158,171,158,166,11,14
3,15,-80,DO,1,C3,perennial,133,early,grass,636.8,133,161,147,175,147,166,29,29
3,15,-80,DO,2,C3,perennial,133,early,grass,636.8,133,161,147,217,147,192,29,71
3,16,-100,DO,2,C3,perennial,158,early,grass,796.4,158,164,154,171,161,164,7,18
3,17,0,DO,1,C3,perennial,134,early,grass,818.35,133,158,143,175,145,159,26,33
3,17,0,DO,2,C3,perennial,134,early,grass,818.35,133,158,143,184,149,164,26,42
3,17,0,DO,3,C3,perennial,134,early,grass,818.35,133,171,143,147,148,143,39,5
3,17,0,DO,4,C3,perennial,134,early,grass,818.35,136,150,154,171,143,159,15,18
3,17,0,DO,5,C3,perennial,134,early,grass,818.35,136,158,143,164,146,154,23,22
3,18,-20,DO,1,C3,perennial,135,early,grass,975.3,133,161,154,171,146,164,29,18
3,18,-20,DO,2,C3,perennial,135,early,grass,975.3,133,161,147,171,147,157,29,25
3,18,-20,DO,3,C3,perennial,135,early,grass,975.3,136,164,150,171,143,159,29,22
3,18,-20,DO,4,C3,perennial,135,early,grass,975.3,133,164,147,184,154,168,32,38
3,18,-20,DO,5,C3,perennial,135,early,grass,975.3,143,161,158,231,148,190,19,74
3,19,-60,DO,1,C3,perennial,137,early,grass,581.1,133,154,158,158,143,157,22,1
3,19,-60,DO,2,C3,perennial,137,early,grass,581.1,147,154,150,168,148,159,8,19
3,19,-60,DO,3,C3,perennial,137,early,grass,581.1,133,168,143,192,145,177,36,50
3,19,-60,DO,4,C3,perennial,137,early,grass,581.1,136,158,154,161,147,158,23,8
3,19,-60,DO,5,C3,perennial,137,early,grass,581.1,136,150,158,164,145,159,15,7
3,20,50,DO,1,C3,perennial,140,early,grass,771.55,133,164,147,199,148,173,32,53
3,20,50,DO,2,C3,perennial,140,early,grass,771.55,133,220,147,217,161,191,88,71
3,20,50,DO,3,C3,perennial,140,early,grass,771.55,154,168,168,217,159,187,15,50
3,21,-40,DO,1,C3,perennial,133,early,grass,812.05,133,164,154,217,145,190,32,64
3,21,-40,DO,2,C3,perennial,133,early,grass,812.05,136,154,158,217,145,187,19,60
3,21,-40,DO,3,C3,perennial,133,early,grass,812.05,133,161,147,168,149,158,29,22
3,21,-40,DO,4,C3,perennial,133,early,grass,812.05,133,154,147,168,147,159,22,22
3,21,-40,DO,5,C3,perennial,133,early,grass,812.05,133,161,154,210,147,183,29,57
1,1,50,ES,1,C3,annual,133,early,forb,813.7,133,178,147,178,148,168,46,32
1,3,-40,ES,1,C3,annual,133,early,forb,812.55,133,175,154,178,150,168,43,25
1,3,-40,ES,2,C3,annual,133,early,forb,812.55,133,184,150,213,160,171,52,64
1,3,-40,ES,3,C3,annual,133,early,forb,812.55,133,192,154,192,147,182,60,39
1,4,-60,ES,1,C3,annual,133,early,forb,686,133,184,150,184,151,168,52,35
1,5,0,ES,1,C3,annual,147,early,forb,650.65,147,192,154,196,158,182,46,43
1,5,0,ES,2,C3,annual,147,early,forb,650.65,147,184,158,213,157,176,38,56
1,6,-100,ES,1,C3,annual,133,early,forb,684.15,133,189,154,196,157,169,57,43
2,8,-40,ES,1,C3,annual,134,early,forb,840.75,133,184,158,184,155,168,52,27
2,8,-40,ES,2,C3,annual,134,early,forb,840.75,133,158,154,158,144,154,26,5
2,8,-40,ES,3,C3,annual,134,early,forb,840.75,136,168,150,168,150,160,33,19
2,9,-80,ES,1,C3,annual,136,early,forb,843.7,136,182,158,184,148,175,47,27
2,11,50,ES,1,C3,annual,150,early,forb,136.05,150,164,150,164,153,160,15,15
2,12,-60,ES,1,C3,annual,150,early,forb,844.3,150,184,158,184,165,171,35,27
2,13,0,ES,1,C3,annual,136,early,forb,890.25,133,184,150,184,152,162,52,35
2,13,0,ES,2,C3,annual,136,early,forb,890.25,133,196,147,199,148,181,64,53
2,13,0,ES,4,C3,annual,136,early,forb,890.25,133,182,143,184,150,160,50,42
2,13,0,ES,5,C3,annual,136,early,forb,890.25,147,175,158,178,158,166,29,21
2,14,-100,ES,1,C3,annual,145,early,forb,935.15,147,192,154,192,167,172,46,39
2,14,-100,ES,2,C3,annual,145,early,forb,935.15,143,168,154,154,150,155,26,1
2,14,-100,ES,3,C3,annual,145,early,forb,935.15,143,182,158,184,162,171,40,27
2,14,-100,ES,4,C3,annual,145,early,forb,935.15,150,184,154,184,167,171,35,31
3,15,-80,ES,1,C3,annual,147,early,forb,706.05,147,161,161,161,152,154,15,1
3,16,-100,ES,1,C3,annual,143,early,forb,870.8,143,182,158,184,159,169,40,27
3,17,0,ES,1,C3,annual,133,early,forb,866.65,133,168,158,168,146,160,36,11
3,18,-20,ES,1,C3,annual,133,early,forb,847.6,133,171,150,171,151,160,39,22
3,18,-20,ES,2,C3,annual,133,early,forb,847.6,133,178,154,178,154,163,46,25
3,19,-60,ES,1,C3,annual,134,early,forb,612.95,136,184,154,196,154,165,49,43
3,19,-60,ES,2,C3,annual,134,early,forb,612.95,133,158,154,158,144,154,26,5
3,19,-60,ES,3,C3,annual,134,early,forb,612.95,133,184,154,184,152,170,52,31
3,20,50,ES,1,C3,annual,147,early,forb,847.55,133,161,147,161,145,158,29,15
3,20,50,ES,2,C3,annual,147,early,forb,847.55,161,213,161,206,180,181,53,46
3,21,-40,ES,1,C3,annual,136,early,forb,812.05,133,168,154,168,144,161,36,15
3,21,-40,ES,2,C3,annual,136,early,forb,812.05,133,182,150,184,157,171,50,35
3,21,-40,ES,3,C3,annual,136,early,forb,812.05,133,178,150,178,156,165,46,29
3,21,-40,ES,4,C3,annual,136,early,forb,812.05,133,196,158,206,161,178,64,49
3,21,-40,ES,5,C3,annual,136,early,forb,812.05,150,178,154,184,150,164,29,31
1,1,50,SC,1,C4,perennial,290,late,grass,3586.5,290,290,290,290,299,299,1,1
2,11,50,SC,5,C4,perennial,259,late,grass,2116,259,262,301,301,259,306,4,1
3,20,50,SC,2,C4,perennial,301,late,grass,3699.05,301,301,308,322,304,311,1,15
1,2,-20,SE,3,C3,perennial,278,late,forb,3768.35,280,301,290,322,286,305,22,33
1,2,-20,SE,4,C3,perennial,278,late,forb,3768.35,276,301,287,322,284,302,26,36
1,3,-40,SE,1,C3,perennial,237,late,forb,3576.5,276,280,287,287,276,299,5,1
1,3,-40,SE,2,C3,perennial,237,late,forb,3576.5,175,314,290,314,297,302,140,25
1,3,-40,SE,3,C3,perennial,237,late,forb,3576.5,175,314,284,322,290,307,140,39
1,3,-40,SE,4,C3,perennial,237,late,forb,3576.5,284,314,284,322,301,307,31,39
1,3,-40,SE,5,C3,perennial,237,late,forb,3576.5,276,290,284,290,280,291,15,7
1,4,-60,SE,2,C3,perennial,181,late,forb,3236.85,178,290,287,314,279,292,113,28
1,4,-60,SE,4,C3,perennial,181,late,forb,3236.85,184,290,287,322,276,288,107,36
1,5,0,SE,2,C3,perennial,217,late,forb,3101.5,182,290,287,314,282,298,109,28
1,5,0,SE,3,C3,perennial,217,late,forb,3101.5,287,290,287,314,285,298,4,28
1,5,0,SE,5,C3,perennial,217,late,forb,3101.5,182,287,255,322,270,289,106,68
1,6,-100,SE,3,C3,perennial,178,late,forb,1054.2,178,290,287,308,294,299,113,22
1,7,-80,SE,1,C3,perennial,290,late,forb,2917.6,290,314,301,322,293,305,25,22
2,8,-40,SE,2,C3,perennial,281,late,forb,3265.4,287,290,287,314,286,298,4,28
2,8,-40,SE,3,C3,perennial,281,late,forb,3265.4,287,290,290,301,286,295,4,12
2,8,-40,SE,4,C3,perennial,281,late,forb,3265.4,273,290,287,322,277,302,18,36
2,8,-40,SE,5,C3,perennial,281,late,forb,3265.4,280,290,287,322,285,302,11,36
2,9,-80,SE,2,C3,perennial,234,late,forb,2457.55,287,290,290,322,292,304,4,33
2,9,-80,SE,3,C3,perennial,234,late,forb,2457.55,182,290,301,308,285,303,109,8
2,10,-20,SE,1,C3,perennial,273,late,forb,4367.55,217,314,301,308,308,309,98,8
2,10,-20,SE,3,C3,perennial,273,late,forb,4367.55,287,308,287,314,288,298,22,28
2,10,-20,SE,4,C3,perennial,273,late,forb,4367.55,290,308,301,322,298,303,19,22
2,10,-20,SE,5,C3,perennial,273,late,forb,4367.55,301,314,301,322,308,316,14,22
2,11,50,SE,1,C3,perennial,245,late,forb,1244.75,301,301,301,314,311,308,1,14
2,11,50,SE,2,C3,perennial,245,late,forb,1244.75,178,301,287,301,285,300,124,15
2,11,50,SE,3,C3,perennial,245,late,forb,1244.75,287,322,301,308,298,299,36,8
2,11,50,SE,4,C3,perennial,245,late,forb,1244.75,280,280,287,287,295,299,1,1
2,11,50,SE,5,C3,perennial,245,late,forb,1244.75,182,290,287,290,285,287,109,4
2,12,-60,SE,4,C3,perennial,297,late,forb,3227.4,280,314,287,322,289,304,35,36
2,12,-60,SE,5,C3,perennial,297,late,forb,3227.4,314,314,308,322,311,311,1,15
2,13,0,SE,1,C3,perennial,283,late,forb,3027.9,269,314,287,322,289,301,46,36
2,13,0,SE,2,C3,perennial,283,late,forb,3027.9,287,301,290,308,287,298,15,19
2,13,0,SE,3,C3,perennial,283,late,forb,3027.9,287,301,287,314,287,298,15,28
2,13,0,SE,4,C3,perennial,283,late,forb,3027.9,287,314,287,322,287,304,28,36
2,13,0,SE,5,C3,perennial,283,late,forb,3027.9,287,301,287,314,288,301,15,28
2,14,-100,SE,1,C3,perennial,294,late,forb,2852.45,301,308,287,314,306,311,8,28
2,14,-100,SE,5,C3,perennial,294,late,forb,2852.45,287,314,290,322,293,305,28,33
3,15,-80,SE,1,C3,perennial,265,late,forb,3005.65,290,314,301,322,301,308,25,22
3,15,-80,SE,2,C3,perennial,265,late,forb,3005.65,287,308,290,314,291,300,22,25
3,15,-80,SE,3,C3,perennial,265,late,forb,3005.65,290,314,287,322,301,305,25,36
3,15,-80,SE,4,C3,perennial,265,late,forb,3005.65,287,301,290,301,299,305,15,12
3,15,-80,SE,5,C3,perennial,265,late,forb,3005.65,175,287,301,314,284,302,113,14
3,16,-100,SE,1,C3,perennial,222,late,forb,2853.1,178,290,287,314,279,292,113,28
3,16,-100,SE,2,C3,perennial,222,late,forb,2853.1,287,290,287,308,287,295,4,22
3,16,-100,SE,3,C3,perennial,222,late,forb,2853.1,184,308,290,314,286,302,125,25
3,16,-100,SE,4,C3,perennial,222,late,forb,2853.1,287,301,301,322,288,311,15,22
3,16,-100,SE,5,C3,perennial,222,late,forb,2853.1,175,308,287,322,287,304,134,36
3,17,0,SE,1,C3,perennial,284,late,forb,2815,287,290,290,314,292,299,4,25
3,17,0,SE,2,C3,perennial,284,late,forb,2815,280,290,287,322,285,305,11,36
3,17,0,SE,3,C3,perennial,284,late,forb,2815,287,287,290,314,299,296,1,25
3,17,0,SE,4,C3,perennial,284,late,forb,2815,280,290,290,290,300,301,11,1
3,17,0,SE,5,C3,perennial,284,late,forb,2815,290,314,290,322,304,305,25,33
3,18,-20,SE,1,C3,perennial,287,late,forb,3998.95,287,290,273,314,286,289,4,42
3,19,-60,SE,1,C3,perennial,271,late,forb,2895.8,301,314,314,322,301,312,14,9
3,19,-60,SE,2,C3,perennial,271,late,forb,2895.8,301,314,301,322,313,311,14,22
3,19,-60,SE,3,C3,perennial,271,late,forb,2895.8,301,314,314,322,303,314,14,9
3,19,-60,SE,4,C3,perennial,271,late,forb,2895.8,182,290,290,308,285,294,109,19
3,20,50,SE,1,C3,perennial,225,late,forb,2778.35,182,308,259,314,286,297,127,56
3,20,50,SE,2,C3,perennial,225,late,forb,2778.35,287,308,287,314,286,298,22,28
3,20,50,SE,3,C3,perennial,225,late,forb,2778.35,184,308,287,314,277,297,125,28
3,20,50,SE,4,C3,perennial,225,late,forb,2778.35,290,314,301,322,295,309,25,22
3,20,50,SE,5,C3,perennial,225,late,forb,2778.35,182,314,287,322,284,299,133,36
3,21,-40,SE,1,C3,perennial,256,late,forb,3547,276,322,287,308,283,292,47,22
3,21,-40,SE,2,C3,perennial,256,late,forb,3547,287,314,287,322,297,306,28,36
3,21,-40,SE,3,C3,perennial,256,late,forb,3547,231,290,287,322,285,301,60,36
3,21,-40,SE,4,C3,perennial,256,late,forb,3547,231,314,301,322,311,305,84,22
3,21,-40,SE,5,C3,perennial,256,late,forb,3547,259,290,290,322,294,305,32,33
1,1,50,SN,1,C4,perennial,263,late,grass,3202.95,255,255,255,255,271,271,1,1
1,1,50,SN,4,C4,perennial,263,late,grass,3202.95,273,290,301,314,282,304,18,14
1,1,50,SN,5,C4,perennial,263,late,grass,3202.95,262,301,280,314,279,289,40,35
1,2,-20,SN,3,C4,perennial,271,late,grass,3555,280,301,280,314,282,304,22,35
1,2,-20,SN,5,C4,perennial,271,late,grass,3555,262,290,287,314,274,295,29,28
1,4,-60,SN,1,C4,perennial,258,late,grass,3397.6,255,269,273,280,260,273,15,8
1,4,-60,SN,2,C4,perennial,258,late,grass,3397.6,255,269,255,273,259,258,15,19
1,4,-60,SN,3,C4,perennial,258,late,grass,3397.6,255,276,255,255,260,271,22,1
1,4,-60,SN,4,C4,perennial,258,late,grass,3397.6,259,269,273,290,260,284,11,18
1,4,-60,SN,5,C4,perennial,258,late,grass,3397.6,266,301,287,287,266,301,36,1
1,5,0,SN,1,C4,perennial,263,late,grass,3027.25,259,269,273,276,261,273,11,4
1,5,0,SN,3,C4,perennial,263,late,grass,3027.25,266,290,273,301,276,290,25,29
1,5,0,SN,4,C4,perennial,263,late,grass,3027.25,266,269,273,276,266,285,4,4
1,5,0,SN,5,C4,perennial,263,late,grass,3027.25,262,287,273,308,271,284,26,36
2,9,-80,SN,1,C4,perennial,269,late,grass,2457.55,269,290,287,314,280,301,22,28
2,9,-80,SN,2,C4,perennial,269,late,grass,2457.55,269,290,301,301,287,304,22,1
2,10,-20,SN,2,C4,perennial,273,late,grass,4101.8,259,280,273,273,269,285,22,1
2,10,-20,SN,4,C4,perennial,273,late,grass,4101.8,287,287,290,322,301,304,1,33
2,11,50,SN,1,C4,perennial,260,late,grass,1755.8,266,301,273,308,280,302,36,36
2,11,50,SN,2,C4,perennial,260,late,grass,1755.8,266,290,273,301,274,279,25,29
2,11,50,SN,3,C4,perennial,260,late,grass,1755.8,262,301,273,314,270,302,40,42
2,11,50,SN,4,C4,perennial,260,late,grass,1755.8,249,269,276,280,255,275,21,5
2,12,-60,SN,2,C4,perennial,264,late,grass,3363.85,262,322,273,273,284,285,61,1
2,12,-60,SN,3,C4,perennial,264,late,grass,3363.85,266,322,273,273,286,285,57,1
2,13,0,SN,1,C4,perennial,266,late,grass,2941.85,266,287,273,290,273,285,22,18
2,13,0,SN,5,C4,perennial,266,late,grass,2941.85,266,287,290,301,274,290,22,12
2,14,-100,SN,3,C4,perennial,266,late,grass,3679.85,266,308,287,290,279,287,43,4
3,17,0,SN,1,C4,perennial,266,late,grass,2726.25,269,287,280,287,276,284,19,8
3,17,0,SN,2,C4,perennial,266,late,grass,2726.25,269,301,273,314,285,303,33,42
3,17,0,SN,3,C4,perennial,266,late,grass,2726.25,262,280,273,287,265,273,19,15
3,17,0,SN,5,C4,perennial,266,late,grass,2726.25,266,290,301,301,273,304,25,1
3,18,-20,SN,1,C4,perennial,263,late,grass,3784.8,266,301,273,290,273,287,36,18
3,18,-20,SN,2,C4,perennial,263,late,grass,3784.8,259,314,266,314,282,272,56,49
3,18,-20,SN,3,C4,perennial,263,late,grass,3784.8,259,290,273,322,276,295,32,50
3,18,-20,SN,4,C4,perennial,263,late,grass,3784.8,266,290,273,308,275,290,25,36
3,18,-20,SN,5,C4,perennial,263,late,grass,3784.8,266,308,273,314,284,290,43,42
3,19,-60,SN,3,C4,perennial,269,late,grass,3029.95,252,301,273,314,266,284,50,42
3,19,-60,SN,5,C4,perennial,269,late,grass,3029.95,287,314,290,290,301,301,28,1
3,20,50,SN,1,C4,perennial,262,late,grass,3329.25,266,301,290,322,273,308,36,33
3,20,50,SN,2,C4,perennial,262,late,grass,3329.25,259,280,273,290,265,276,22,18
3,20,50,SN,3,C4,perennial,262,late,grass,3329.25,262,280,273,290,266,285,19,18
1,1,50,SS,1,C4,perennial,262,late,grass,2799.4,262,301,284,290,282,287,40,7
1,2,-20,SS,5,C4,perennial,276,late,grass,3495.9,276,314,276,322,287,306,39,47
1,3,-40,SS,1,C4,perennial,273,late,grass,3837.65,276,290,273,280,287,271,15,8
1,3,-40,SS,2,C4,perennial,273,late,grass,3837.65,273,273,273,273,291,291,1,1
1,3,-40,SS,3,C4,perennial,273,late,grass,3837.65,273,284,273,273,278,291,12,1
1,3,-40,SS,4,C4,perennial,273,late,grass,3837.65,273,273,273,273,291,291,1,1
1,4,-60,SS,1,C4,perennial,248,late,grass,3236.85,238,314,276,322,287,301,77,47
1,4,-60,SS,2,C4,perennial,248,late,grass,3236.85,259,314,276,322,278,288,56,47
1,4,-60,SS,3,C4,perennial,248,late,grass,3236.85,238,308,280,322,273,301,71,43
1,4,-60,SS,4,C4,perennial,248,late,grass,3236.85,259,290,273,322,264,302,32,50
1,5,0,SS,1,C4,perennial,260,late,grass,2974.5,266,314,276,280,287,287,49,5
1,5,0,SS,2,C4,perennial,260,late,grass,2974.5,262,269,280,287,266,294,8,8
1,5,0,SS,3,C4,perennial,260,late,grass,2974.5,252,314,276,322,273,292,63,47
1,5,0,SS,4,C4,perennial,260,late,grass,2974.5,259,308,276,322,274,297,50,47
1,5,0,SS,5,C4,perennial,260,late,grass,2974.5,262,314,276,322,275,287,53,47
1,6,-100,SS,2,C4,perennial,237,late,grass,1054.2,234,314,273,322,289,308,81,50
1,6,-100,SS,5,C4,perennial,237,late,grass,1054.2,241,314,259,322,266,285,74,64
1,7,-80,SS,1,C4,perennial,248,late,grass,2779.1,231,314,280,322,286,314,84,43
1,7,-80,SS,4,C4,perennial,248,late,grass,2779.1,246,314,301,301,290,302,69,1
1,7,-80,SS,5,C4,perennial,248,late,grass,2779.1,269,314,276,287,289,280,46,12
2,8,-40,SS,1,C4,perennial,262,late,grass,3527.7,262,314,287,322,271,289,53,36
2,8,-40,SS,2,C4,perennial,262,late,grass,3527.7,266,308,276,314,287,295,43,39
2,8,-40,SS,3,C4,perennial,262,late,grass,3527.7,255,314,276,322,272,304,60,47
2,8,-40,SS,4,C4,perennial,262,late,grass,3527.7,259,322,276,322,289,311,64,47
2,8,-40,SS,5,C4,perennial,262,late,grass,3527.7,269,314,280,322,297,314,46,43
2,9,-80,SS,2,C4,perennial,262,late,grass,2457.55,255,322,280,280,284,295,68,1
2,9,-80,SS,5,C4,perennial,262,late,grass,2457.55,269,308,287,301,301,290,40,15
2,10,-20,SS,2,C4,perennial,257,late,grass,4029.95,262,301,276,322,282,309,40,47
2,10,-20,SS,4,C4,perennial,257,late,grass,4029.95,252,314,280,322,265,296,63,43
2,11,50,SS,1,C4,perennial,238,late,grass,1375.05,249,308,280,314,271,294,60,35
2,11,50,SS,2,C4,perennial,238,late,grass,1375.05,252,308,273,322,261,287,57,50
2,11,50,SS,3,C4,perennial,238,late,grass,1375.05,231,314,262,322,265,290,84,61
2,11,50,SS,4,C4,perennial,238,late,grass,1375.05,231,301,259,314,265,287,71,56
2,11,50,SS,5,C4,perennial,238,late,grass,1375.05,231,314,273,322,265,286,84,50
2,12,-60,SS,3,C4,perennial,262,late,grass,3227.4,262,301,287,314,262,301,40,28
2,13,0,SS,3,C4,perennial,264,late,grass,2885.5,266,266,287,287,287,297,1,1
2,13,0,SS,5,C4,perennial,264,late,grass,2885.5,262,314,287,322,275,304,53,36
2,14,-100,SS,2,C4,perennial,259,late,grass,3329,259,290,290,290,264,300,32,1
2,14,-100,SS,4,C4,perennial,259,late,grass,3329,259,314,276,314,278,286,56,39
3,16,-100,SS,4,C4,perennial,273,late,grass,3266.9,273,314,280,308,285,292,42,29
3,17,0,SS,1,C4,perennial,263,late,grass,2688.35,259,314,273,322,299,290,56,50
3,17,0,SS,2,C4,perennial,263,late,grass,2688.35,262,314,287,322,274,295,53,36
3,17,0,SS,3,C4,perennial,263,late,grass,2688.35,259,314,280,308,275,290,56,29
3,17,0,SS,4,C4,perennial,263,late,grass,2688.35,276,301,280,280,286,295,26,1
3,17,0,SS,5,C4,perennial,263,late,grass,2688.35,259,314,280,322,269,301,56,43
3,18,-20,SS,4,C4,perennial,266,late,grass,3726.5,266,314,280,322,287,299,49,43
3,18,-20,SS,5,C4,perennial,266,late,grass,3726.5,266,314,301,322,304,316,49,22
3,19,-60,SS,1,C4,perennial,259,late,grass,2895.8,266,287,280,280,274,292,22,1
3,19,-60,SS,2,C4,perennial,259,late,grass,2895.8,266,314,290,322,282,311,49,33
3,19,-60,SS,3,C4,perennial,259,late,grass,2895.8,266,301,280,290,284,287,36,11
3,19,-60,SS,4,C4,perennial,259,late,grass,2895.8,259,314,280,308,275,301,56,29
3,19,-60,SS,5,C4,perennial,259,late,grass,2895.8,238,314,280,322,273,315,77,43
3,20,50,SS,2,C4,perennial,242,late,grass,2919.5,252,301,276,322,268,304,50,47
3,20,50,SS,3,C4,perennial,242,late,grass,2919.5,234,287,280,290,267,280,54,11
3,20,50,SS,4,C4,perennial,242,late,grass,2919.5,249,314,276,322,273,310,66,47
3,20,50,SS,5,C4,perennial,242,late,grass,2919.5,234,314,269,322,267,302,81,54
3,21,-40,SS,4,C4,perennial,280,late,grass,3806.3,280,301,273,290,287,287,22,18